day,item_name,category,price,available
Понедельник,Каша овсяная с ягодами,Завтрак,450,True
Понедельник,Бутерброд с сыром,Завтрак,350,True
Понедельник,Борщ со сметаной,Обед,550,True
Понедельник,Котлета с пюре,Обед,650,True
Понедельник,Компот из сухофруктов,Напитки,150,True
Вторник,Салат овощной,Салаты,400,True
Вторник,Солянка мясная,Первое,500,True
Вторник,Макароны с сыром,Второе,550,True
Среда,Винегрет,Салаты,450,True
Среда,Суп грибной,Первое,480,True
Среда,Рыба с рисом,Второе,700,True
Четверг,Морковный салат,Салаты,350,True
Четверг,Рассольник,Первое,470,True
Четверг,Гречка с мясом,Второе,600,True
Пятница,Лагман,Второе,750,True
Пятница,Сок апельсиновый,Напитки,250,True
Понедельник,рррррр,Обед,500,True
